"age","cholesterol","blood_pressure"
70.1708975453484,167.759315684471,120.186268794826
48.3117184368116,182.950102323609,113.753674443514
54.8579616943902,185.717784907616,123.95163356828
64.1247611398306,182.263314411614,122.100796179227
61.4638089521655,192.63649438639,110.713924556964
