"age","cholesterol","blood_pressure","outcome"
51.7993077533143,201.383953067104,109.970577877401,82.5339666731932
61.1337984800834,215.306581791465,127.987787538847,83.9485798212155
58.7018618716066,182.566092167514,125.508571460946,84.9116001047029
51.6875329238306,209.7145621545,132.013317256646,103.721436438415
44.3872889106176,176.212223650643,128.6428565314,75.5269921698119
57.7936360026459,227.262289600908,124.122967317158,88.5362182315235
60.5737238918217,211.522766436011,125.090212260091,86.9912195754145
55.2358861122631,184.247515094104,118.985684663498,85.8853511119957
42.0823436284528,155.190874410871,122.31668973047,61.3060523985474
47.2379169845562,191.182812892129,123.108816917,66.6515937857372
50.8154223474449,187.020272668458,133.698474667285,69.4229840607221
48.603350812061,205.93650235621,116.106024490559,69.4226125228362
41.865322262085,156.10228433716,120.883204460502,81.368327954225
68.7069458470256,188.512125046245,130.503942020572,69.7047065618598
60.1250921753713,170.474307772563,119.980449360639,113.071861719578
62.2516924349397,176.522181175277,118.079877812091,104.612829666292
54.5210914870448,188.624682230249,106.285351482177,89.0990742040878
62.7484223948947,185.02280835968,119.894322518979,64.189546759973
71.557827242656,220.656340216673,129.185567315792,72.7927695071886
56.8666727390739,134.35309740494,119.474071418136,65.6151425746035
